<?xml version="1.0" encoding="utf-8"?>
<map>
    <application class="com.tvblackAD.demo.DemoApplication" package="com.tvblackAD.demo"></application>
    <activity
        bindMethod="bindView"
        bootMode="singleTop"
        class="com.example.hookdemo.MainActivity"
        layout="bind_view"
        package="com.example.hookdemo"
        color="#ffffff" >

        <enters>

            <enter>
0x7f04000a
            </enter>
        </enters>

        <exits>

            <exit>
0x7f04000b
            </exit>
        </exits>

        <title
            is="true"
            size="45dip"
            textColor="#dd5246"
            textSize="20"
            title="ceshi"
            color="0x7f040001" >
        </title>

        <bindView
            class="com.example.bindview.MainBindView"
            setContext="setContext" >
        </bindView>
    </activity>

    <activity
        class="com.example.hookdemo.CircularMainActivity"
        package="com.example.hookdemo" >
    </activity>
   <activity
       class="com.xh.test.Test2Activity"
       package="com.xh.test"
       color="#ffffff"
       >
       <bindView class="com.example.bindview.Test2BindView"></bindView>
   </activity>
    <activity
        class="com.xh.test.MainActivity"
        package="com.xh.test"
        color="0xd74d41" >

        <enters>

            <enter>
0x7f04000a
            </enter>
        </enters>

        <exits>

            <exit>
0x7f04000b
            </exit>
        </exits>

        <bindView
            class="com.example.bindview.TestMainBindView"
            setContext="bindActivity" >
        </bindView>
    </activity>

    <activity
        class="top.wefor.circularanimdemo.MainActivity"
        package="top.wefor.circularanimdemo" >
    </activity>

    <activity
        class="top.wefor.circularanimdemo.ListActivity"
        package="top.wefor.circularanimdemo" >
    </activity>

    <activity
        class="com.tvblackAD.demo.MainActivity"
        package="com.tvblackAD.demo" >
    </activity>
<activity class="com.tvblackAD.demo.SplashActivity" package="com.tvblackAD.demo"></activity>
</map>